{
  "Total" : {
    "transaction" : "Total",
    "sampleCount" : 50,
    "errorCount" : 0,
    "errorPct" : 0.0,
    "meanResTime" : 36.26,
    "medianResTime" : 14.0,
    "minResTime" : 7.0,
    "maxResTime" : 363.0,
    "pct1ResTime" : 62.29999999999996,
    "pct2ResTime" : 286.7499999999996,
    "pct3ResTime" : 363.0,
    "throughput" : 56.053811659192824,
    "receivedKBytesPerSec" : 1573.5027501401346,
    "sentKBytesPerSec" : 7.554126961883408
  },
  "HTTP Request" : {
    "transaction" : "HTTP Request",
    "sampleCount" : 50,
    "errorCount" : 0,
    "errorPct" : 0.0,
    "meanResTime" : 36.26,
    "medianResTime" : 14.0,
    "minResTime" : 7.0,
    "maxResTime" : 363.0,
    "pct1ResTime" : 62.29999999999996,
    "pct2ResTime" : 286.7499999999996,
    "pct3ResTime" : 363.0,
    "throughput" : 56.053811659192824,
    "receivedKBytesPerSec" : 1573.5027501401346,
    "sentKBytesPerSec" : 7.554126961883408
  }
}