{
  "Total" : {
    "transaction" : "Total",
    "sampleCount" : 50,
    "errorCount" : 0,
    "errorPct" : 0.0,
    "meanResTime" : 67.95999999999998,
    "medianResTime" : 24.0,
    "minResTime" : 13.0,
    "maxResTime" : 554.0,
    "pct1ResTime" : 232.99999999999986,
    "pct2ResTime" : 485.69999999999953,
    "pct3ResTime" : 554.0,
    "throughput" : 54.6448087431694,
    "receivedKBytesPerSec" : 1534.038806352459,
    "sentKBytesPerSec" : 7.364241803278688
  },
  "HTTP Request" : {
    "transaction" : "HTTP Request",
    "sampleCount" : 50,
    "errorCount" : 0,
    "errorPct" : 0.0,
    "meanResTime" : 67.95999999999998,
    "medianResTime" : 24.0,
    "minResTime" : 13.0,
    "maxResTime" : 554.0,
    "pct1ResTime" : 232.99999999999986,
    "pct2ResTime" : 485.69999999999953,
    "pct3ResTime" : 554.0,
    "throughput" : 54.6448087431694,
    "receivedKBytesPerSec" : 1534.038806352459,
    "sentKBytesPerSec" : 7.364241803278688
  }
}