{
  "Total" : {
    "transaction" : "Total",
    "sampleCount" : 50,
    "errorCount" : 0,
    "errorPct" : 0.0,
    "meanResTime" : 50.49999999999999,
    "medianResTime" : 16.0,
    "minResTime" : 7.0,
    "maxResTime" : 470.0,
    "pct1ResTime" : 149.99999999999986,
    "pct2ResTime" : 399.8499999999995,
    "pct3ResTime" : 470.0,
    "throughput" : 57.20823798627003,
    "receivedKBytesPerSec" : 1605.607301201373,
    "sentKBytesPerSec" : 7.709703947368421
  },
  "HTTP Request" : {
    "transaction" : "HTTP Request",
    "sampleCount" : 50,
    "errorCount" : 0,
    "errorPct" : 0.0,
    "meanResTime" : 50.49999999999999,
    "medianResTime" : 16.0,
    "minResTime" : 7.0,
    "maxResTime" : 470.0,
    "pct1ResTime" : 149.99999999999986,
    "pct2ResTime" : 399.8499999999995,
    "pct3ResTime" : 470.0,
    "throughput" : 57.20823798627003,
    "receivedKBytesPerSec" : 1605.607301201373,
    "sentKBytesPerSec" : 7.709703947368421
  }
}