{
  "Total" : {
    "transaction" : "Total",
    "sampleCount" : 50,
    "errorCount" : 0,
    "errorPct" : 0.0,
    "meanResTime" : 45.28,
    "medianResTime" : 20.0,
    "minResTime" : 11.0,
    "maxResTime" : 394.0,
    "pct1ResTime" : 77.79999999999998,
    "pct2ResTime" : 317.2999999999996,
    "pct3ResTime" : 394.0,
    "throughput" : 55.37098560354374,
    "receivedKBytesPerSec" : 1554.0862057032114,
    "sentKBytesPerSec" : 7.4621054817275745
  },
  "HTTP Request" : {
    "transaction" : "HTTP Request",
    "sampleCount" : 50,
    "errorCount" : 0,
    "errorPct" : 0.0,
    "meanResTime" : 45.28,
    "medianResTime" : 20.0,
    "minResTime" : 11.0,
    "maxResTime" : 394.0,
    "pct1ResTime" : 77.79999999999998,
    "pct2ResTime" : 317.2999999999996,
    "pct3ResTime" : 394.0,
    "throughput" : 55.37098560354374,
    "receivedKBytesPerSec" : 1554.0862057032114,
    "sentKBytesPerSec" : 7.4621054817275745
  }
}