{
  "Total" : {
    "transaction" : "Total",
    "sampleCount" : 50,
    "errorCount" : 0,
    "errorPct" : 0.0,
    "meanResTime" : 56.299999999999976,
    "medianResTime" : 22.0,
    "minResTime" : 16.0,
    "maxResTime" : 449.0,
    "pct1ResTime" : 125.99999999999994,
    "pct2ResTime" : 382.6499999999996,
    "pct3ResTime" : 449.0,
    "throughput" : 50.9683995922528,
    "receivedKBytesPerSec" : 1430.689944890418,
    "sentKBytesPerSec" : 6.868788226299694
  },
  "HTTP Request" : {
    "transaction" : "HTTP Request",
    "sampleCount" : 50,
    "errorCount" : 0,
    "errorPct" : 0.0,
    "meanResTime" : 56.299999999999976,
    "medianResTime" : 22.0,
    "minResTime" : 16.0,
    "maxResTime" : 449.0,
    "pct1ResTime" : 125.99999999999994,
    "pct2ResTime" : 382.6499999999996,
    "pct3ResTime" : 449.0,
    "throughput" : 50.9683995922528,
    "receivedKBytesPerSec" : 1430.689944890418,
    "sentKBytesPerSec" : 6.868788226299694
  }
}