{
  "Total" : {
    "transaction" : "Total",
    "sampleCount" : 50,
    "errorCount" : 0,
    "errorPct" : 0.0,
    "meanResTime" : 37.8,
    "medianResTime" : 12.0,
    "minResTime" : 8.0,
    "maxResTime" : 381.0,
    "pct1ResTime" : 67.69999999999996,
    "pct2ResTime" : 309.99999999999955,
    "pct3ResTime" : 381.0,
    "throughput" : 55.99104143337066,
    "receivedKBytesPerSec" : 1571.9178681410974,
    "sentKBytesPerSec" : 7.545667693169093
  },
  "HTTP Request" : {
    "transaction" : "HTTP Request",
    "sampleCount" : 50,
    "errorCount" : 0,
    "errorPct" : 0.0,
    "meanResTime" : 37.8,
    "medianResTime" : 12.0,
    "minResTime" : 8.0,
    "maxResTime" : 381.0,
    "pct1ResTime" : 67.69999999999996,
    "pct2ResTime" : 309.99999999999955,
    "pct3ResTime" : 381.0,
    "throughput" : 55.99104143337066,
    "receivedKBytesPerSec" : 1571.9178681410974,
    "sentKBytesPerSec" : 7.545667693169093
  }
}