{
  "Total" : {
    "transaction" : "Total",
    "sampleCount" : 50,
    "errorCount" : 0,
    "errorPct" : 0.0,
    "meanResTime" : 52.62,
    "medianResTime" : 20.0,
    "minResTime" : 14.0,
    "maxResTime" : 437.0,
    "pct1ResTime" : 114.79999999999994,
    "pct2ResTime" : 361.79999999999956,
    "pct3ResTime" : 437.0,
    "throughput" : 53.304904051172706,
    "receivedKBytesPerSec" : 1496.489372334755,
    "sentKBytesPerSec" : 7.183668710021323
  },
  "HTTP Request" : {
    "transaction" : "HTTP Request",
    "sampleCount" : 50,
    "errorCount" : 0,
    "errorPct" : 0.0,
    "meanResTime" : 52.62,
    "medianResTime" : 20.0,
    "minResTime" : 14.0,
    "maxResTime" : 437.0,
    "pct1ResTime" : 114.79999999999994,
    "pct2ResTime" : 361.79999999999956,
    "pct3ResTime" : 437.0,
    "throughput" : 53.304904051172706,
    "receivedKBytesPerSec" : 1496.489372334755,
    "sentKBytesPerSec" : 7.183668710021323
  }
}