{
  "Total" : {
    "transaction" : "Total",
    "sampleCount" : 50,
    "errorCount" : 0,
    "errorPct" : 0.0,
    "meanResTime" : 41.81999999999999,
    "medianResTime" : 11.0,
    "minResTime" : 7.0,
    "maxResTime" : 418.0,
    "pct1ResTime" : 101.59999999999992,
    "pct2ResTime" : 353.7499999999996,
    "pct3ResTime" : 418.0,
    "throughput" : 58.343057176196034,
    "receivedKBytesPerSec" : 1637.8833321178531,
    "sentKBytesPerSec" : 7.862638564760793
  },
  "HTTP Request" : {
    "transaction" : "HTTP Request",
    "sampleCount" : 50,
    "errorCount" : 0,
    "errorPct" : 0.0,
    "meanResTime" : 41.81999999999999,
    "medianResTime" : 11.0,
    "minResTime" : 7.0,
    "maxResTime" : 418.0,
    "pct1ResTime" : 101.59999999999992,
    "pct2ResTime" : 353.7499999999996,
    "pct3ResTime" : 418.0,
    "throughput" : 58.343057176196034,
    "receivedKBytesPerSec" : 1637.8833321178531,
    "sentKBytesPerSec" : 7.862638564760793
  }
}