{
  "Total" : {
    "transaction" : "Total",
    "sampleCount" : 50,
    "errorCount" : 0,
    "errorPct" : 0.0,
    "meanResTime" : 55.13999999999999,
    "medianResTime" : 21.0,
    "minResTime" : 14.0,
    "maxResTime" : 462.0,
    "pct1ResTime" : 135.99999999999991,
    "pct2ResTime" : 384.6499999999996,
    "pct3ResTime" : 462.0,
    "throughput" : 52.41090146750524,
    "receivedKBytesPerSec" : 1471.2190448113208,
    "sentKBytesPerSec" : 7.0631878930817615
  },
  "HTTP Request" : {
    "transaction" : "HTTP Request",
    "sampleCount" : 50,
    "errorCount" : 0,
    "errorPct" : 0.0,
    "meanResTime" : 55.13999999999999,
    "medianResTime" : 21.0,
    "minResTime" : 14.0,
    "maxResTime" : 462.0,
    "pct1ResTime" : 135.99999999999991,
    "pct2ResTime" : 384.6499999999996,
    "pct3ResTime" : 462.0,
    "throughput" : 52.41090146750524,
    "receivedKBytesPerSec" : 1471.2190448113208,
    "sentKBytesPerSec" : 7.0631878930817615
  }
}