{
  "Total" : {
    "transaction" : "Total",
    "sampleCount" : 50,
    "errorCount" : 0,
    "errorPct" : 0.0,
    "meanResTime" : 47.4,
    "medianResTime" : 19.0,
    "minResTime" : 11.0,
    "maxResTime" : 421.0,
    "pct1ResTime" : 100.49999999999994,
    "pct2ResTime" : 346.54999999999956,
    "pct3ResTime" : 421.0,
    "throughput" : 54.88474204171241,
    "receivedKBytesPerSec" : 1540.3617247530185,
    "sentKBytesPerSec" : 7.396576564215148
  },
  "HTTP Request" : {
    "transaction" : "HTTP Request",
    "sampleCount" : 50,
    "errorCount" : 0,
    "errorPct" : 0.0,
    "meanResTime" : 47.4,
    "medianResTime" : 19.0,
    "minResTime" : 11.0,
    "maxResTime" : 421.0,
    "pct1ResTime" : 100.49999999999994,
    "pct2ResTime" : 346.54999999999956,
    "pct3ResTime" : 421.0,
    "throughput" : 54.88474204171241,
    "receivedKBytesPerSec" : 1540.3617247530185,
    "sentKBytesPerSec" : 7.396576564215148
  }
}