{
  "Total" : {
    "transaction" : "Total",
    "sampleCount" : 50,
    "errorCount" : 0,
    "errorPct" : 0.0,
    "meanResTime" : 68.25999999999999,
    "medianResTime" : 26.0,
    "minResTime" : 24.0,
    "maxResTime" : 505.0,
    "pct1ResTime" : 171.2999999999999,
    "pct2ResTime" : 434.79999999999956,
    "pct3ResTime" : 505.0,
    "throughput" : 49.35834155972359,
    "receivedKBytesPerSec" : 1385.5233526653506,
    "sentKBytesPerSec" : 6.651807749259626
  },
  "HTTP Request" : {
    "transaction" : "HTTP Request",
    "sampleCount" : 50,
    "errorCount" : 0,
    "errorPct" : 0.0,
    "meanResTime" : 68.25999999999999,
    "medianResTime" : 26.0,
    "minResTime" : 24.0,
    "maxResTime" : 505.0,
    "pct1ResTime" : 171.2999999999999,
    "pct2ResTime" : 434.79999999999956,
    "pct3ResTime" : 505.0,
    "throughput" : 49.35834155972359,
    "receivedKBytesPerSec" : 1385.5233526653506,
    "sentKBytesPerSec" : 6.651807749259626
  }
}