{
  "Total" : {
    "transaction" : "Total",
    "sampleCount" : 50,
    "errorCount" : 0,
    "errorPct" : 0.0,
    "meanResTime" : 53.440000000000005,
    "medianResTime" : 13.0,
    "minResTime" : 10.0,
    "maxResTime" : 504.0,
    "pct1ResTime" : 179.49999999999986,
    "pct2ResTime" : 433.6499999999996,
    "pct3ResTime" : 504.0,
    "throughput" : 55.309734513274336,
    "receivedKBytesPerSec" : 1552.3389968196902,
    "sentKBytesPerSec" : 7.453850940265487
  },
  "HTTP Request" : {
    "transaction" : "HTTP Request",
    "sampleCount" : 50,
    "errorCount" : 0,
    "errorPct" : 0.0,
    "meanResTime" : 53.440000000000005,
    "medianResTime" : 13.0,
    "minResTime" : 10.0,
    "maxResTime" : 504.0,
    "pct1ResTime" : 179.49999999999986,
    "pct2ResTime" : 433.6499999999996,
    "pct3ResTime" : 504.0,
    "throughput" : 55.309734513274336,
    "receivedKBytesPerSec" : 1552.3389968196902,
    "sentKBytesPerSec" : 7.453850940265487
  }
}