{
  "Total" : {
    "transaction" : "Total",
    "sampleCount" : 50,
    "errorCount" : 0,
    "errorPct" : 0.0,
    "meanResTime" : 66.85999999999999,
    "medianResTime" : 26.0,
    "minResTime" : 22.0,
    "maxResTime" : 493.0,
    "pct1ResTime" : 171.8999999999999,
    "pct2ResTime" : 428.6499999999996,
    "pct3ResTime" : 493.0,
    "throughput" : 50.100200400801604,
    "receivedKBytesPerSec" : 1406.363508266533,
    "sentKBytesPerSec" : 6.751784819639279
  },
  "HTTP Request" : {
    "transaction" : "HTTP Request",
    "sampleCount" : 50,
    "errorCount" : 0,
    "errorPct" : 0.0,
    "meanResTime" : 66.85999999999999,
    "medianResTime" : 26.0,
    "minResTime" : 22.0,
    "maxResTime" : 493.0,
    "pct1ResTime" : 171.8999999999999,
    "pct2ResTime" : 428.6499999999996,
    "pct3ResTime" : 493.0,
    "throughput" : 50.100200400801604,
    "receivedKBytesPerSec" : 1406.363508266533,
    "sentKBytesPerSec" : 6.751784819639279
  }
}