{
  "Total" : {
    "transaction" : "Total",
    "sampleCount" : 50,
    "errorCount" : 0,
    "errorPct" : 0.0,
    "meanResTime" : 45.30000000000001,
    "medianResTime" : 11.0,
    "minResTime" : 7.0,
    "maxResTime" : 476.0,
    "pct1ResTime" : 142.99999999999986,
    "pct2ResTime" : 391.6499999999996,
    "pct3ResTime" : 476.0,
    "throughput" : 57.20823798627003,
    "receivedKBytesPerSec" : 1606.0531232122426,
    "sentKBytesPerSec" : 7.709703947368421
  },
  "HTTP Request" : {
    "transaction" : "HTTP Request",
    "sampleCount" : 50,
    "errorCount" : 0,
    "errorPct" : 0.0,
    "meanResTime" : 45.30000000000001,
    "medianResTime" : 11.0,
    "minResTime" : 7.0,
    "maxResTime" : 476.0,
    "pct1ResTime" : 142.99999999999986,
    "pct2ResTime" : 391.6499999999996,
    "pct3ResTime" : 476.0,
    "throughput" : 57.20823798627003,
    "receivedKBytesPerSec" : 1606.0531232122426,
    "sentKBytesPerSec" : 7.709703947368421
  }
}