{
  "Total" : {
    "transaction" : "Total",
    "sampleCount" : 50,
    "errorCount" : 0,
    "errorPct" : 0.0,
    "meanResTime" : 51.61999999999999,
    "medianResTime" : 20.5,
    "minResTime" : 12.0,
    "maxResTime" : 441.0,
    "pct1ResTime" : 134.59999999999985,
    "pct2ResTime" : 382.79999999999956,
    "pct3ResTime" : 441.0,
    "throughput" : 54.82456140350877,
    "receivedKBytesPerSec" : 1539.3451891447369,
    "sentKBytesPerSec" : 7.388466282894736
  },
  "HTTP Request" : {
    "transaction" : "HTTP Request",
    "sampleCount" : 50,
    "errorCount" : 0,
    "errorPct" : 0.0,
    "meanResTime" : 51.61999999999999,
    "medianResTime" : 20.5,
    "minResTime" : 12.0,
    "maxResTime" : 441.0,
    "pct1ResTime" : 134.59999999999985,
    "pct2ResTime" : 382.79999999999956,
    "pct3ResTime" : 441.0,
    "throughput" : 54.82456140350877,
    "receivedKBytesPerSec" : 1539.3451891447369,
    "sentKBytesPerSec" : 7.388466282894736
  }
}