{
  "Total" : {
    "transaction" : "Total",
    "sampleCount" : 50,
    "errorCount" : 0,
    "errorPct" : 0.0,
    "meanResTime" : 42.980000000000004,
    "medianResTime" : 14.5,
    "minResTime" : 9.0,
    "maxResTime" : 395.0,
    "pct1ResTime" : 82.39999999999996,
    "pct2ResTime" : 327.34999999999957,
    "pct3ResTime" : 395.0,
    "throughput" : 56.2429696287964,
    "receivedKBytesPerSec" : 1579.2377759420697,
    "sentKBytesPerSec" : 7.579618953880765
  },
  "HTTP Request" : {
    "transaction" : "HTTP Request",
    "sampleCount" : 50,
    "errorCount" : 0,
    "errorPct" : 0.0,
    "meanResTime" : 42.980000000000004,
    "medianResTime" : 14.5,
    "minResTime" : 9.0,
    "maxResTime" : 395.0,
    "pct1ResTime" : 82.39999999999996,
    "pct2ResTime" : 327.34999999999957,
    "pct3ResTime" : 395.0,
    "throughput" : 56.2429696287964,
    "receivedKBytesPerSec" : 1579.2377759420697,
    "sentKBytesPerSec" : 7.579618953880765
  }
}