{
  "Total" : {
    "transaction" : "Total",
    "sampleCount" : 50,
    "errorCount" : 0,
    "errorPct" : 0.0,
    "meanResTime" : 49.97999999999999,
    "medianResTime" : 14.0,
    "minResTime" : 11.0,
    "maxResTime" : 472.0,
    "pct1ResTime" : 145.69999999999987,
    "pct2ResTime" : 400.14999999999964,
    "pct3ResTime" : 472.0,
    "throughput" : 54.4069640914037,
    "receivedKBytesPerSec" : 1526.9962680223068,
    "sentKBytesPerSec" : 7.332188520130576
  },
  "HTTP Request" : {
    "transaction" : "HTTP Request",
    "sampleCount" : 50,
    "errorCount" : 0,
    "errorPct" : 0.0,
    "meanResTime" : 49.97999999999999,
    "medianResTime" : 14.0,
    "minResTime" : 11.0,
    "maxResTime" : 472.0,
    "pct1ResTime" : 145.69999999999987,
    "pct2ResTime" : 400.14999999999964,
    "pct3ResTime" : 472.0,
    "throughput" : 54.4069640914037,
    "receivedKBytesPerSec" : 1526.9962680223068,
    "sentKBytesPerSec" : 7.332188520130576
  }
}