{
  "Total" : {
    "transaction" : "Total",
    "sampleCount" : 50,
    "errorCount" : 0,
    "errorPct" : 0.0,
    "meanResTime" : 39.52000000000002,
    "medianResTime" : 11.0,
    "minResTime" : 8.0,
    "maxResTime" : 408.0,
    "pct1ResTime" : 80.79999999999994,
    "pct2ResTime" : 336.24999999999955,
    "pct3ResTime" : 408.0,
    "throughput" : 56.68934240362812,
    "receivedKBytesPerSec" : 1591.4846407312925,
    "sentKBytesPerSec" : 7.639774659863946
  },
  "HTTP Request" : {
    "transaction" : "HTTP Request",
    "sampleCount" : 50,
    "errorCount" : 0,
    "errorPct" : 0.0,
    "meanResTime" : 39.52000000000002,
    "medianResTime" : 11.0,
    "minResTime" : 8.0,
    "maxResTime" : 408.0,
    "pct1ResTime" : 80.79999999999994,
    "pct2ResTime" : 336.24999999999955,
    "pct3ResTime" : 408.0,
    "throughput" : 56.68934240362812,
    "receivedKBytesPerSec" : 1591.4846407312925,
    "sentKBytesPerSec" : 7.639774659863946
  }
}