{
  "Total" : {
    "transaction" : "Total",
    "sampleCount" : 50,
    "errorCount" : 0,
    "errorPct" : 0.0,
    "meanResTime" : 39.27999999999999,
    "medianResTime" : 14.5,
    "minResTime" : 7.0,
    "maxResTime" : 368.0,
    "pct1ResTime" : 115.29999999999987,
    "pct2ResTime" : 301.99999999999955,
    "pct3ResTime" : 368.0,
    "throughput" : 56.36978579481398,
    "receivedKBytesPerSec" : 1582.0114324971814,
    "sentKBytesPerSec" : 7.596709413754228
  },
  "HTTP Request" : {
    "transaction" : "HTTP Request",
    "sampleCount" : 50,
    "errorCount" : 0,
    "errorPct" : 0.0,
    "meanResTime" : 39.27999999999999,
    "medianResTime" : 14.5,
    "minResTime" : 7.0,
    "maxResTime" : 368.0,
    "pct1ResTime" : 115.29999999999987,
    "pct2ResTime" : 301.99999999999955,
    "pct3ResTime" : 368.0,
    "throughput" : 56.36978579481398,
    "receivedKBytesPerSec" : 1582.0114324971814,
    "sentKBytesPerSec" : 7.596709413754228
  }
}