{
  "Total" : {
    "transaction" : "Total",
    "sampleCount" : 50,
    "errorCount" : 0,
    "errorPct" : 0.0,
    "meanResTime" : 51.0,
    "medianResTime" : 21.5,
    "minResTime" : 8.0,
    "maxResTime" : 427.0,
    "pct1ResTime" : 101.09999999999997,
    "pct2ResTime" : 353.54999999999956,
    "pct3ResTime" : 427.0,
    "throughput" : 52.742616033755276,
    "receivedKBytesPerSec" : 1480.2163683412448,
    "sentKBytesPerSec" : 7.107891613924051
  },
  "HTTP Request" : {
    "transaction" : "HTTP Request",
    "sampleCount" : 50,
    "errorCount" : 0,
    "errorPct" : 0.0,
    "meanResTime" : 51.0,
    "medianResTime" : 21.5,
    "minResTime" : 8.0,
    "maxResTime" : 427.0,
    "pct1ResTime" : 101.09999999999997,
    "pct2ResTime" : 353.54999999999956,
    "pct3ResTime" : 427.0,
    "throughput" : 52.742616033755276,
    "receivedKBytesPerSec" : 1480.2163683412448,
    "sentKBytesPerSec" : 7.107891613924051
  }
}