{
  "Total" : {
    "transaction" : "Total",
    "sampleCount" : 50,
    "errorCount" : 0,
    "errorPct" : 0.0,
    "meanResTime" : 41.300000000000004,
    "medianResTime" : 14.0,
    "minResTime" : 9.0,
    "maxResTime" : 404.0,
    "pct1ResTime" : 74.69999999999996,
    "pct2ResTime" : 326.6499999999996,
    "pct3ResTime" : 404.0,
    "throughput" : 54.76451259583789,
    "receivedKBytesPerSec" : 1537.6238619249725,
    "sentKBytesPerSec" : 7.380373767798466
  },
  "HTTP Request" : {
    "transaction" : "HTTP Request",
    "sampleCount" : 50,
    "errorCount" : 0,
    "errorPct" : 0.0,
    "meanResTime" : 41.300000000000004,
    "medianResTime" : 14.0,
    "minResTime" : 9.0,
    "maxResTime" : 404.0,
    "pct1ResTime" : 74.69999999999996,
    "pct2ResTime" : 326.6499999999996,
    "pct3ResTime" : 404.0,
    "throughput" : 54.76451259583789,
    "receivedKBytesPerSec" : 1537.6238619249725,
    "sentKBytesPerSec" : 7.380373767798466
  }
}