{
  "Total" : {
    "transaction" : "Total",
    "sampleCount" : 50,
    "errorCount" : 0,
    "errorPct" : 0.0,
    "meanResTime" : 40.260000000000005,
    "medianResTime" : 16.0,
    "minResTime" : 10.0,
    "maxResTime" : 384.0,
    "pct1ResTime" : 63.09999999999997,
    "pct2ResTime" : 304.2999999999996,
    "pct3ResTime" : 384.0,
    "throughput" : 55.80357142857143,
    "receivedKBytesPerSec" : 1566.9097900390625,
    "sentKBytesPerSec" : 7.520403180803571
  },
  "HTTP Request" : {
    "transaction" : "HTTP Request",
    "sampleCount" : 50,
    "errorCount" : 0,
    "errorPct" : 0.0,
    "meanResTime" : 40.260000000000005,
    "medianResTime" : 16.0,
    "minResTime" : 10.0,
    "maxResTime" : 384.0,
    "pct1ResTime" : 63.09999999999997,
    "pct2ResTime" : 304.2999999999996,
    "pct3ResTime" : 384.0,
    "throughput" : 55.80357142857143,
    "receivedKBytesPerSec" : 1566.9097900390625,
    "sentKBytesPerSec" : 7.520403180803571
  }
}