{
  "Total" : {
    "transaction" : "Total",
    "sampleCount" : 50,
    "errorCount" : 0,
    "errorPct" : 0.0,
    "meanResTime" : 96.76000000000003,
    "medianResTime" : 54.0,
    "minResTime" : 20.0,
    "maxResTime" : 514.0,
    "pct1ResTime" : 249.39999999999998,
    "pct2ResTime" : 398.59999999999945,
    "pct3ResTime" : 514.0,
    "throughput" : 37.67897513187641,
    "receivedKBytesPerSec" : 1057.8784382064807,
    "sentKBytesPerSec" : 5.077830633006783
  },
  "HTTP Request" : {
    "transaction" : "HTTP Request",
    "sampleCount" : 50,
    "errorCount" : 0,
    "errorPct" : 0.0,
    "meanResTime" : 96.76000000000003,
    "medianResTime" : 54.0,
    "minResTime" : 20.0,
    "maxResTime" : 514.0,
    "pct1ResTime" : 249.39999999999998,
    "pct2ResTime" : 398.59999999999945,
    "pct3ResTime" : 514.0,
    "throughput" : 37.67897513187641,
    "receivedKBytesPerSec" : 1057.8784382064807,
    "sentKBytesPerSec" : 5.077830633006783
  }
}