{
  "Total" : {
    "transaction" : "Total",
    "sampleCount" : 50,
    "errorCount" : 0,
    "errorPct" : 0.0,
    "meanResTime" : 38.48000000000001,
    "medianResTime" : 15.5,
    "minResTime" : 8.0,
    "maxResTime" : 378.0,
    "pct1ResTime" : 50.19999999999999,
    "pct2ResTime" : 298.54999999999956,
    "pct3ResTime" : 378.0,
    "throughput" : 56.2429696287964,
    "receivedKBytesPerSec" : 1578.970841535433,
    "sentKBytesPerSec" : 7.579618953880765
  },
  "HTTP Request" : {
    "transaction" : "HTTP Request",
    "sampleCount" : 50,
    "errorCount" : 0,
    "errorPct" : 0.0,
    "meanResTime" : 38.48000000000001,
    "medianResTime" : 15.5,
    "minResTime" : 8.0,
    "maxResTime" : 378.0,
    "pct1ResTime" : 50.19999999999999,
    "pct2ResTime" : 298.54999999999956,
    "pct3ResTime" : 378.0,
    "throughput" : 56.2429696287964,
    "receivedKBytesPerSec" : 1578.970841535433,
    "sentKBytesPerSec" : 7.579618953880765
  }
}