{
  "Total" : {
    "transaction" : "Total",
    "sampleCount" : 50,
    "errorCount" : 0,
    "errorPct" : 0.0,
    "meanResTime" : 43.58,
    "medianResTime" : 15.0,
    "minResTime" : 10.0,
    "maxResTime" : 408.0,
    "pct1ResTime" : 85.39999999999996,
    "pct2ResTime" : 339.99999999999955,
    "pct3ResTime" : 408.0,
    "throughput" : 56.497175141242934,
    "receivedKBytesPerSec" : 1586.3667461158193,
    "sentKBytesPerSec" : 7.6138771186440675
  },
  "HTTP Request" : {
    "transaction" : "HTTP Request",
    "sampleCount" : 50,
    "errorCount" : 0,
    "errorPct" : 0.0,
    "meanResTime" : 43.58,
    "medianResTime" : 15.0,
    "minResTime" : 10.0,
    "maxResTime" : 408.0,
    "pct1ResTime" : 85.39999999999996,
    "pct2ResTime" : 339.99999999999955,
    "pct3ResTime" : 408.0,
    "throughput" : 56.497175141242934,
    "receivedKBytesPerSec" : 1586.3667461158193,
    "sentKBytesPerSec" : 7.6138771186440675
  }
}