{
  "Total" : {
    "transaction" : "Total",
    "sampleCount" : 50,
    "errorCount" : 0,
    "errorPct" : 0.0,
    "meanResTime" : 35.48,
    "medianResTime" : 14.0,
    "minResTime" : 7.0,
    "maxResTime" : 367.0,
    "pct1ResTime" : 42.09999999999999,
    "pct2ResTime" : 282.1999999999996,
    "pct3ResTime" : 367.0,
    "throughput" : 57.077625570776256,
    "receivedKBytesPerSec" : 1601.9504494863013,
    "sentKBytesPerSec" : 7.6921018835616435
  },
  "HTTP Request" : {
    "transaction" : "HTTP Request",
    "sampleCount" : 50,
    "errorCount" : 0,
    "errorPct" : 0.0,
    "meanResTime" : 35.48,
    "medianResTime" : 14.0,
    "minResTime" : 7.0,
    "maxResTime" : 367.0,
    "pct1ResTime" : 42.09999999999999,
    "pct2ResTime" : 282.1999999999996,
    "pct3ResTime" : 367.0,
    "throughput" : 57.077625570776256,
    "receivedKBytesPerSec" : 1601.9504494863013,
    "sentKBytesPerSec" : 7.6921018835616435
  }
}