{
  "Total" : {
    "transaction" : "Total",
    "sampleCount" : 50,
    "errorCount" : 0,
    "errorPct" : 0.0,
    "meanResTime" : 46.91999999999998,
    "medianResTime" : 18.0,
    "minResTime" : 7.0,
    "maxResTime" : 428.0,
    "pct1ResTime" : 131.9999999999999,
    "pct2ResTime" : 374.9499999999996,
    "pct3ResTime" : 428.0,
    "throughput" : 59.31198102016608,
    "receivedKBytesPerSec" : 1664.8340191281138,
    "sentKBytesPerSec" : 7.993216192170819
  },
  "HTTP Request" : {
    "transaction" : "HTTP Request",
    "sampleCount" : 50,
    "errorCount" : 0,
    "errorPct" : 0.0,
    "meanResTime" : 46.91999999999998,
    "medianResTime" : 18.0,
    "minResTime" : 7.0,
    "maxResTime" : 428.0,
    "pct1ResTime" : 131.9999999999999,
    "pct2ResTime" : 374.9499999999996,
    "pct3ResTime" : 428.0,
    "throughput" : 59.31198102016608,
    "receivedKBytesPerSec" : 1664.8340191281138,
    "sentKBytesPerSec" : 7.993216192170819
  }
}