{
  "Total" : {
    "transaction" : "Total",
    "sampleCount" : 50,
    "errorCount" : 0,
    "errorPct" : 0.0,
    "meanResTime" : 54.319999999999965,
    "medianResTime" : 16.5,
    "minResTime" : 9.0,
    "maxResTime" : 489.0,
    "pct1ResTime" : 168.29999999999987,
    "pct2ResTime" : 418.7499999999995,
    "pct3ResTime" : 489.0,
    "throughput" : 54.6448087431694,
    "receivedKBytesPerSec" : 1533.6364412568305,
    "sentKBytesPerSec" : 7.364241803278688
  },
  "HTTP Request" : {
    "transaction" : "HTTP Request",
    "sampleCount" : 50,
    "errorCount" : 0,
    "errorPct" : 0.0,
    "meanResTime" : 54.319999999999965,
    "medianResTime" : 16.5,
    "minResTime" : 9.0,
    "maxResTime" : 489.0,
    "pct1ResTime" : 168.29999999999987,
    "pct2ResTime" : 418.7499999999995,
    "pct3ResTime" : 489.0,
    "throughput" : 54.6448087431694,
    "receivedKBytesPerSec" : 1533.6364412568305,
    "sentKBytesPerSec" : 7.364241803278688
  }
}