{
  "Total" : {
    "transaction" : "Total",
    "sampleCount" : 50,
    "errorCount" : 0,
    "errorPct" : 0.0,
    "meanResTime" : 49.160000000000004,
    "medianResTime" : 14.0,
    "minResTime" : 10.0,
    "maxResTime" : 450.0,
    "pct1ResTime" : 151.39999999999986,
    "pct2ResTime" : 398.5999999999996,
    "pct3ResTime" : 450.0,
    "throughput" : 56.625141562853905,
    "receivedKBytesPerSec" : 1589.267544946206,
    "sentKBytesPerSec" : 7.631122593431484
  },
  "HTTP Request" : {
    "transaction" : "HTTP Request",
    "sampleCount" : 50,
    "errorCount" : 0,
    "errorPct" : 0.0,
    "meanResTime" : 49.160000000000004,
    "medianResTime" : 14.0,
    "minResTime" : 10.0,
    "maxResTime" : 450.0,
    "pct1ResTime" : 151.39999999999986,
    "pct2ResTime" : 398.5999999999996,
    "pct3ResTime" : 450.0,
    "throughput" : 56.625141562853905,
    "receivedKBytesPerSec" : 1589.267544946206,
    "sentKBytesPerSec" : 7.631122593431484
  }
}