{
  "Total" : {
    "transaction" : "Total",
    "sampleCount" : 50,
    "errorCount" : 0,
    "errorPct" : 0.0,
    "meanResTime" : 57.41999999999999,
    "medianResTime" : 17.0,
    "minResTime" : 7.0,
    "maxResTime" : 538.0,
    "pct1ResTime" : 209.09999999999985,
    "pct2ResTime" : 463.09999999999957,
    "pct3ResTime" : 538.0,
    "throughput" : 56.306306306306304,
    "receivedKBytesPerSec" : 1580.979905686937,
    "sentKBytesPerSec" : 7.5881545608108105
  },
  "HTTP Request" : {
    "transaction" : "HTTP Request",
    "sampleCount" : 50,
    "errorCount" : 0,
    "errorPct" : 0.0,
    "meanResTime" : 57.41999999999999,
    "medianResTime" : 17.0,
    "minResTime" : 7.0,
    "maxResTime" : 538.0,
    "pct1ResTime" : 209.09999999999985,
    "pct2ResTime" : 463.09999999999957,
    "pct3ResTime" : 538.0,
    "throughput" : 56.306306306306304,
    "receivedKBytesPerSec" : 1580.979905686937,
    "sentKBytesPerSec" : 7.5881545608108105
  }
}