{
  "Total" : {
    "transaction" : "Total",
    "sampleCount" : 50,
    "errorCount" : 0,
    "errorPct" : 0.0,
    "meanResTime" : 41.500000000000014,
    "medianResTime" : 10.0,
    "minResTime" : 8.0,
    "maxResTime" : 426.0,
    "pct1ResTime" : 97.99999999999993,
    "pct2ResTime" : 354.34999999999957,
    "pct3ResTime" : 426.0,
    "throughput" : 56.81818181818181,
    "receivedKBytesPerSec" : 1595.1282848011363,
    "sentKBytesPerSec" : 7.657137784090909
  },
  "HTTP Request" : {
    "transaction" : "HTTP Request",
    "sampleCount" : 50,
    "errorCount" : 0,
    "errorPct" : 0.0,
    "meanResTime" : 41.500000000000014,
    "medianResTime" : 10.0,
    "minResTime" : 8.0,
    "maxResTime" : 426.0,
    "pct1ResTime" : 97.99999999999993,
    "pct2ResTime" : 354.34999999999957,
    "pct3ResTime" : 426.0,
    "throughput" : 56.81818181818181,
    "receivedKBytesPerSec" : 1595.1282848011363,
    "sentKBytesPerSec" : 7.657137784090909
  }
}