{
  "Total" : {
    "transaction" : "Total",
    "sampleCount" : 50,
    "errorCount" : 0,
    "errorPct" : 0.0,
    "meanResTime" : 41.680000000000014,
    "medianResTime" : 15.0,
    "minResTime" : 9.0,
    "maxResTime" : 390.0,
    "pct1ResTime" : 69.89999999999998,
    "pct2ResTime" : 320.8999999999996,
    "pct3ResTime" : 390.0,
    "throughput" : 55.99104143337066,
    "receivedKBytesPerSec" : 1572.1726711226204,
    "sentKBytesPerSec" : 7.545667693169093
  },
  "HTTP Request" : {
    "transaction" : "HTTP Request",
    "sampleCount" : 50,
    "errorCount" : 0,
    "errorPct" : 0.0,
    "meanResTime" : 41.680000000000014,
    "medianResTime" : 15.0,
    "minResTime" : 9.0,
    "maxResTime" : 390.0,
    "pct1ResTime" : 69.89999999999998,
    "pct2ResTime" : 320.8999999999996,
    "pct3ResTime" : 390.0,
    "throughput" : 55.99104143337066,
    "receivedKBytesPerSec" : 1572.1726711226204,
    "sentKBytesPerSec" : 7.545667693169093
  }
}