{
  "Total" : {
    "transaction" : "Total",
    "sampleCount" : 50,
    "errorCount" : 0,
    "errorPct" : 0.0,
    "meanResTime" : 45.49999999999999,
    "medianResTime" : 15.0,
    "minResTime" : 8.0,
    "maxResTime" : 425.0,
    "pct1ResTime" : 105.19999999999996,
    "pct2ResTime" : 353.59999999999957,
    "pct3ResTime" : 425.0,
    "throughput" : 56.306306306306304,
    "receivedKBytesPerSec" : 1580.8655335022522,
    "sentKBytesPerSec" : 7.5881545608108105
  },
  "HTTP Request" : {
    "transaction" : "HTTP Request",
    "sampleCount" : 50,
    "errorCount" : 0,
    "errorPct" : 0.0,
    "meanResTime" : 45.49999999999999,
    "medianResTime" : 15.0,
    "minResTime" : 8.0,
    "maxResTime" : 425.0,
    "pct1ResTime" : 105.19999999999996,
    "pct2ResTime" : 353.59999999999957,
    "pct3ResTime" : 425.0,
    "throughput" : 56.306306306306304,
    "receivedKBytesPerSec" : 1580.8655335022522,
    "sentKBytesPerSec" : 7.5881545608108105
  }
}