{
  "Total" : {
    "transaction" : "Total",
    "sampleCount" : 50,
    "errorCount" : 0,
    "errorPct" : 0.0,
    "meanResTime" : 50.08000000000001,
    "medianResTime" : 16.5,
    "minResTime" : 6.0,
    "maxResTime" : 471.0,
    "pct1ResTime" : 158.29999999999987,
    "pct2ResTime" : 406.8499999999996,
    "pct3ResTime" : 471.0,
    "throughput" : 57.077625570776256,
    "receivedKBytesPerSec" : 1602.0909139554794,
    "sentKBytesPerSec" : 7.6921018835616435
  },
  "HTTP Request" : {
    "transaction" : "HTTP Request",
    "sampleCount" : 50,
    "errorCount" : 0,
    "errorPct" : 0.0,
    "meanResTime" : 50.08000000000001,
    "medianResTime" : 16.5,
    "minResTime" : 6.0,
    "maxResTime" : 471.0,
    "pct1ResTime" : 158.29999999999987,
    "pct2ResTime" : 406.8499999999996,
    "pct3ResTime" : 471.0,
    "throughput" : 57.077625570776256,
    "receivedKBytesPerSec" : 1602.0909139554794,
    "sentKBytesPerSec" : 7.6921018835616435
  }
}