{
  "Total" : {
    "transaction" : "Total",
    "sampleCount" : 50,
    "errorCount" : 0,
    "errorPct" : 0.0,
    "meanResTime" : 67.76,
    "medianResTime" : 27.0,
    "minResTime" : 22.0,
    "maxResTime" : 496.0,
    "pct1ResTime" : 180.79999999999987,
    "pct2ResTime" : 437.1999999999996,
    "pct3ResTime" : 496.0,
    "throughput" : 49.6031746031746,
    "receivedKBytesPerSec" : 1392.457992311508,
    "sentKBytesPerSec" : 6.6848028273809526
  },
  "HTTP Request" : {
    "transaction" : "HTTP Request",
    "sampleCount" : 50,
    "errorCount" : 0,
    "errorPct" : 0.0,
    "meanResTime" : 67.76,
    "medianResTime" : 27.0,
    "minResTime" : 22.0,
    "maxResTime" : 496.0,
    "pct1ResTime" : 180.79999999999987,
    "pct2ResTime" : 437.1999999999996,
    "pct3ResTime" : 496.0,
    "throughput" : 49.6031746031746,
    "receivedKBytesPerSec" : 1392.457992311508,
    "sentKBytesPerSec" : 6.6848028273809526
  }
}