{
  "Total" : {
    "transaction" : "Total",
    "sampleCount" : 50,
    "errorCount" : 0,
    "errorPct" : 0.0,
    "meanResTime" : 49.639999999999986,
    "medianResTime" : 16.0,
    "minResTime" : 14.0,
    "maxResTime" : 434.0,
    "pct1ResTime" : 107.49999999999997,
    "pct2ResTime" : 352.4999999999996,
    "pct3ResTime" : 434.0,
    "throughput" : 53.6480686695279,
    "receivedKBytesPerSec" : 1506.0238817730685,
    "sentKBytesPerSec" : 7.229915504291845
  },
  "HTTP Request" : {
    "transaction" : "HTTP Request",
    "sampleCount" : 50,
    "errorCount" : 0,
    "errorPct" : 0.0,
    "meanResTime" : 49.639999999999986,
    "medianResTime" : 16.0,
    "minResTime" : 14.0,
    "maxResTime" : 434.0,
    "pct1ResTime" : 107.49999999999997,
    "pct2ResTime" : 352.4999999999996,
    "pct3ResTime" : 434.0,
    "throughput" : 53.6480686695279,
    "receivedKBytesPerSec" : 1506.0238817730685,
    "sentKBytesPerSec" : 7.229915504291845
  }
}