{
  "Total" : {
    "transaction" : "Total",
    "sampleCount" : 50,
    "errorCount" : 0,
    "errorPct" : 0.0,
    "meanResTime" : 69.63999999999997,
    "medianResTime" : 28.0,
    "minResTime" : 20.0,
    "maxResTime" : 512.0,
    "pct1ResTime" : 196.69999999999985,
    "pct2ResTime" : 446.99999999999955,
    "pct3ResTime" : 512.0,
    "throughput" : 51.28205128205128,
    "receivedKBytesPerSec" : 1439.5232371794873,
    "sentKBytesPerSec" : 6.9110576923076925
  },
  "HTTP Request" : {
    "transaction" : "HTTP Request",
    "sampleCount" : 50,
    "errorCount" : 0,
    "errorPct" : 0.0,
    "meanResTime" : 69.63999999999997,
    "medianResTime" : 28.0,
    "minResTime" : 20.0,
    "maxResTime" : 512.0,
    "pct1ResTime" : 196.69999999999985,
    "pct2ResTime" : 446.99999999999955,
    "pct3ResTime" : 512.0,
    "throughput" : 51.28205128205128,
    "receivedKBytesPerSec" : 1439.5232371794873,
    "sentKBytesPerSec" : 6.9110576923076925
  }
}