{
  "Total" : {
    "transaction" : "Total",
    "sampleCount" : 50,
    "errorCount" : 0,
    "errorPct" : 0.0,
    "meanResTime" : 48.819999999999986,
    "medianResTime" : 19.0,
    "minResTime" : 9.0,
    "maxResTime" : 459.0,
    "pct1ResTime" : 123.39999999999989,
    "pct2ResTime" : 375.79999999999956,
    "pct3ResTime" : 459.0,
    "throughput" : 55.74136008918617,
    "receivedKBytesPerSec" : 1565.0301351727983,
    "sentKBytesPerSec" : 7.512019230769231
  },
  "HTTP Request" : {
    "transaction" : "HTTP Request",
    "sampleCount" : 50,
    "errorCount" : 0,
    "errorPct" : 0.0,
    "meanResTime" : 48.819999999999986,
    "medianResTime" : 19.0,
    "minResTime" : 9.0,
    "maxResTime" : 459.0,
    "pct1ResTime" : 123.39999999999989,
    "pct2ResTime" : 375.79999999999956,
    "pct3ResTime" : 459.0,
    "throughput" : 55.74136008918617,
    "receivedKBytesPerSec" : 1565.0301351727983,
    "sentKBytesPerSec" : 7.512019230769231
  }
}