{
  "Total" : {
    "transaction" : "Total",
    "sampleCount" : 50,
    "errorCount" : 0,
    "errorPct" : 0.0,
    "meanResTime" : 56.620000000000005,
    "medianResTime" : 21.5,
    "minResTime" : 15.0,
    "maxResTime" : 464.0,
    "pct1ResTime" : 141.49999999999991,
    "pct2ResTime" : 396.09999999999957,
    "pct3ResTime" : 464.0,
    "throughput" : 53.475935828877006,
    "receivedKBytesPerSec" : 1501.290942513369,
    "sentKBytesPerSec" : 7.206717914438502
  },
  "HTTP Request" : {
    "transaction" : "HTTP Request",
    "sampleCount" : 50,
    "errorCount" : 0,
    "errorPct" : 0.0,
    "meanResTime" : 56.620000000000005,
    "medianResTime" : 21.5,
    "minResTime" : 15.0,
    "maxResTime" : 464.0,
    "pct1ResTime" : 141.49999999999991,
    "pct2ResTime" : 396.09999999999957,
    "pct3ResTime" : 464.0,
    "throughput" : 53.475935828877006,
    "receivedKBytesPerSec" : 1501.290942513369,
    "sentKBytesPerSec" : 7.206717914438502
  }
}