{
  "Total" : {
    "transaction" : "Total",
    "sampleCount" : 50,
    "errorCount" : 0,
    "errorPct" : 0.0,
    "meanResTime" : 43.620000000000005,
    "medianResTime" : 13.0,
    "minResTime" : 10.0,
    "maxResTime" : 424.0,
    "pct1ResTime" : 99.59999999999992,
    "pct2ResTime" : 354.99999999999955,
    "pct3ResTime" : 424.0,
    "throughput" : 55.005500550055004,
    "receivedKBytesPerSec" : 1543.8174676842684,
    "sentKBytesPerSec" : 7.412850660066006
  },
  "HTTP Request" : {
    "transaction" : "HTTP Request",
    "sampleCount" : 50,
    "errorCount" : 0,
    "errorPct" : 0.0,
    "meanResTime" : 43.620000000000005,
    "medianResTime" : 13.0,
    "minResTime" : 10.0,
    "maxResTime" : 424.0,
    "pct1ResTime" : 99.59999999999992,
    "pct2ResTime" : 354.99999999999955,
    "pct3ResTime" : 424.0,
    "throughput" : 55.005500550055004,
    "receivedKBytesPerSec" : 1543.8174676842684,
    "sentKBytesPerSec" : 7.412850660066006
  }
}